[
        
        {
                "id":"1",
                "name":"Brand 1",
                "details": " Demo Description "
        },        {
                "id":"2",
                "name":"Brand 2",
                "details": " Demo Description "
        },
        {
                "id":"3",
                "name":"Brand 3",
                "details": " Demo Description "
        },
        {
                "id":"4",
                "name":"Brand 4",
                "details": " Demo Description "
        },
        {
                "id":"5",
                "name":"Brand 5",
                "details": " Demo Description "
        }

]