[
        
        {
                "id":"1",
                "name":"Sample Product 1",
                "price":"100",
		"sku":"A1",
		"category": "category 1",
		"brand": "brand 1",
                "qty":"1",
                "userName": "User 1"
        },
		{
                "id":"2",
                "name":"Sample Product 2",
                "price":"300",
		"sku":"A2",
		"category": "category 2",
		"brand": "brand 2",
                "qty":"2",
                "userName": "User 1"
        },
		{
                "id":"3",
                "name":"Sample Product 3",
                "price":"50",
		"sku":"A3",
		"category": "category 2",
		"brand": "brand 1",
                "qty":"5",
                "userName": "User 1"
        },
		{
                "id":"4",
                "name":"Sample Product 4",
                "price":"100",
		"sku":"A4",
		"category": "category 1",
		"brand": "brand 2",
                "qty":"1",
                "userName": "User 1"
        },
		{
                "id":"4",
                "name":"Sample Product 4",
                "price":"400",
		"sku":"A5",
		"category": "category 2",
		"brand": "brand 1",
                "qty":"4",
                "userName": "User 1"
        }
]